{
  "properties": {
    "connectionReferences": {
      "shared_commondataserviceforapps": {
        "runtimeSource": "embedded",
        "connection": {
          "connectionReferenceLogicalName": "curso_sharedcommondataserviceforapps_05022"
        },
        "api": {
          "name": "shared_commondataserviceforapps"
        }
      },
      "shared_outlook": {
        "runtimeSource": "embedded",
        "connection": {
          "connectionReferenceLogicalName": "curso_sharedoutlook_6fa44"
        },
        "api": {
          "name": "shared_outlook"
        }
      }
    },
    "definition": {
      "$schema": "https://schema.management.azure.com/providers/Microsoft.Logic/schemas/2016-06-01/workflowdefinition.json#",
      "contentVersion": "1.0.0.0",
      "parameters": {
        "$authentication": {
          "defaultValue": {},
          "type": "SecureObject"
        },
        "$connections": {
          "defaultValue": {},
          "type": "Object"
        }
      },
      "triggers": {
        "Quando_uma_linha_é_adicionada,_modificada_ou_excluída": {
          "metadata": {
            "operationMetadataId": "a86fa413-4698-4fe1-90ed-875fcb1b1d28"
          },
          "type": "OpenApiConnectionWebhook",
          "inputs": {
            "parameters": {
              "subscriptionRequest/message": 1,
              "subscriptionRequest/entityname": "curso_aluno",
              "subscriptionRequest/scope": 4,
              "subscriptionRequest/name": "7d26b2d3-1db2-ee11-a569-002248372b2a"
            },
            "host": {
              "apiId": "/providers/Microsoft.PowerApps/apis/shared_commondataserviceforapps",
              "operationId": "SubscribeWebhookTrigger",
              "connectionName": "shared_commondataserviceforapps"
            }
          }
        }
      },
      "actions": {
        "Enviar_um_email_(V2)": {
          "runAfter": {},
          "metadata": {
            "operationMetadataId": "e7e86713-b2cc-4719-889c-df28f1820ec9"
          },
          "type": "OpenApiConnection",
          "inputs": {
            "parameters": {
              "emailMessage/To": "@triggerOutputs()?['body/curso_email']",
              "emailMessage/Subject": "Registro de novo aluno recebido",
              "emailMessage/Body": "<p><span style=\"white-space: pre-wrap;\">Prezado(a) </span>@{triggerOutputs()?['body/curso_name']}<span style=\"white-space: pre-wrap;\">,</span><span style=\"white-space: pre-wrap;\"><br></span><span style=\"white-space: pre-wrap;\">Estamos contentes por seu registro como nosso aluno(a), esperamos ajudar nessa nova trajetória.</span><span style=\"white-space: pre-wrap;\"><br><br></span><span style=\"white-space: pre-wrap;\">Equipe de Treinamento.</span></p>",
              "emailMessage/Importance": "Normal"
            },
            "host": {
              "apiId": "/providers/Microsoft.PowerApps/apis/shared_outlook",
              "operationId": "SendEmailV2",
              "connectionName": "shared_outlook"
            }
          }
        }
      }
    },
    "templateName": null
  },
  "schemaVersion": "1.0.0.0"
}